Cliente;Direccion;Localidad;FechaComprobante;FechaEntrega;FechaCarga;NroComprobante;TipoDeVenta;Empresa;Codigo;CantBase;ImporteNetoItem;ImporteItem;RazonSocial;MotivoDevolucion;Descuento;CodVendedor;Vendedor;RutaPreventa;Articulo;NetoItem;Reparto;ComentarioInterno;Ramo;Subramo;PrecioCosto;Chofer;valorDescuento;Mon_Simbolo;Mon_Decimales;Proveedor;PesoKg;ImpuestoInterno;CondicionPago;FechaLiquidacion;ComboCodigo;Marca;Linea;Sabor;Calibre;Familia;Rubro;Tags;Promociones;SegmentoRentabilidad;CodSupervisor;NomSupervisor;Origen;ComprobanteReferencia;Etiqueta;VentaDirecta;NumeroVenta;Pendiente;ListaPrecio;Taxonomia;OrdenPreparacion;FechaPreparacion;Bodeguistas;EtiquetaItem;UnidadFactor;PesoKgReal;NetoItemReal
101660;9 De Julio 1719 0;LANUS;2026-10-01;01-10-2026;30-09-2026;FAC-A-131084;Venta;LAGOPUELO S.A;947317;1,00;34534,50;41786,75;Ekerdt Walter;;0,00 %;27;Samanta Dogliotti;;ENCENDEDOR BX7 12X50U;34534,50;3386;;5;KIOSCO;26565,00;LUCIANO GASPARINI;;$;2;BIC ARGENTINA S.A;;;EFV;;;;;;;;;;;;25;JOHANA VIGIL;AXUM;;;False;131084;0;1;;;;;;1;;34534,50
6073;JUAN B. JUSTO 875;Varela;2026-10-02;02-10-2026;30-09-2026;FAC-A-131131;Venta;ELEBES;9297971;1,00;8339,76;10091,11;GARCIA LUCAS MATIAS;;0,00 %;051;Ezequiel Valente;;MINI BIC CTL 22X12 CX264 ARG;8339,76;3405;;2;ALMACEN;6415,20;EMILIANO JUAN AMARILLA;;$;2;BIC ARGENTINA S.A;;;CON;;;;;;;;;;;;300;Bruno Centurion;AXUM;;;False;131131;0;1;;;;;;1;;8339,76
27640;CATALINA RODRIGUEZ - (ARTICULO DE LIMPIEZA) 695;LOMAS DE ZAMORA;2026-10-01;01-10-2026;30-09-2026;FAC-A-131335;Venta;ELEBES;9297921;1,00;12111,18;14654,53;MARCELO MAURICIO ALVAREZ REYES;;0,00 %;073;Florencia Cubilla;;MAXI J6 CARD12;12111,18;3393;;OTR;Articulo de limpieza;9316,29;MARIANO SOSA;;$;2;BIC ARGENTINA S.A;;;CON;;;;;;;;;;;;300;Bruno Centurion;AXUM;;;False;131335;0;1;;;;;;1;;12111,18
5312;EVA PERON 2352 2352;LANUS;2026-10-02;02-10-2026;30-09-2026;FAC-B-131393;Venta;ELEBES;971257;1,00;13532,38;16374,18;CHRISTIAN MERCURI;;0,00 %;28;Nadia Diaz;;SH FLEX3 BLUE BL1 BR;13532,38;3408;;5;KIOSCO;10409,52;CLAUDIO GARCIA;;$;2;BIC ARGENTINA S.A;;;EFV;;;;;;;;;;;;25;JOHANA VIGIL;AXUM;;;False;131393;0;1;;;;;;1;;13532,38
651;;Bernal;2026-10-01;30-09-2026;01-10-2026;NCR-B-131511;DevoluciÛn por Rechazo;LAGOPUELO S.A;522799;-1,00;-9732,89;-11776,80;Maria Sol Barrosa Patron;NO LLEGO CHOFER;0,00 %;056;Ezequiel Ferreira;;AF BIC COMFORT 3 BLU AR X12;9732,89;3372;;2;ALMACEN;-7486,84;MIGUEL ANGEL PALLINI;;$;2;BIC ARGENTINA S.A;;;EFV;;;;;;;;;;;;300;Bruno Centurion;gcw;129879;;True;131511;0;1;;;;;;1;;9732,89
6152;EVA PERON 5559;Varela;2026-10-05;05-10-2026;01-10-2026;FAC-B-131564;Venta;LAGOPUELO S.A;9297971;1,00;8339,76;10091,11;YANAJE MAMANI MARIA ELENA;;0,00 %;7;Myrian Lertora;;MINI BIC CTL 22X12 CX264 ARG;8339,76;3423;;2;ALMACEN;6415,20;DIEGO ZACARIAS;;$;2;BIC ARGENTINA S.A;;;CON;;;;;;;;;;;;25;JOHANA VIGIL;AXUM;;;False;131564;0;1;;;;;;1;;8339,76
6152;EVA PERON 5559;Varela;2026-10-05;05-10-2026;01-10-2026;FAC-B-131564;Venta;LAGOPUELO S.A;9297921;1,00;12111,18;14654,53;YANAJE MAMANI MARIA ELENA;;0,00 %;7;Myrian Lertora;;MAXI J6 CARD12;12111,18;3423;;2;ALMACEN;9316,29;DIEGO ZACARIAS;;$;2;BIC ARGENTINA S.A;;;CON;;;;;;;;;;;;25;JOHANA VIGIL;AXUM;;;False;131564;0;1;;;;;;1;;12111,18
23245;HUMAHUACA - (TRADICIONAL) 684;CLAYPOLE;2026-10-08;08-10-2026;01-10-2026;FAC-B-131592;Venta;ELEBES;522799;2,00;19465,78;23553,59;ELENA INOJOSA;;0,00 %;061;Nailah Guzman;;AF BIC COMFORT 3 BLU AR X12;9732,89;3477;;2;ALMACEN;14973,68;NAHUEL MONTOYA;;$;2;BIC ARGENTINA S.A;;;CON;;;;;;;;;;;;300;Bruno Centurion;AXUM;;;False;131592;0;1;;;;;;1;;9732,89
23245;HUMAHUACA - (TRADICIONAL) 684;CLAYPOLE;2026-10-08;08-10-2026;01-10-2026;FAC-B-131592;Venta;ELEBES;835385;2,00;28016,36;33899,80;ELENA INOJOSA;;0,00 %;061;Nailah Guzman;;AF BIC TWIN CONFORT SENSITIVE CTL X24;14008,18;3477;;2;ALMACEN;21551,04;NAHUEL MONTOYA;;$;2;BIC ARGENTINA S.A;;;CON;;;;;;;;;;;;300;Bruno Centurion;AXUM;;;False;131592;0;1;;;;;;1;;14008,18
23710;LAS TALITAS 1000;ESTEBAN ECHEVERR√¬çA;2026-10-05;05-10-2026;01-10-2026;FAC-B-131864;Venta;LAGOPUELO S.A;9297971;1,00;8339,76;10091,11;CORREA LORENZO;;0,00 %;064;Karina Fernandez;;MINI BIC CTL 22X12 CX264 ARG;8339,76;3429;;2;ALMACEN;6415,20;SIMON OLIVERA;;$;2;BIC ARGENTINA S.A;;;CON;;;;;;;;;;;;300;Bruno Centurion;AXUM;;;False;131864;0;1;;;;;;1;;8339,76
23710;LAS TALITAS 1000;ESTEBAN ECHEVERR√¬çA;2026-10-05;05-10-2026;01-10-2026;FAC-B-131864;Venta;LAGOPUELO S.A;861844;1,00;20885,85;25271,88;CORREA LORENZO;;0,00 %;064;Karina Fernandez;;BOL OPACO AZ BX/50;20885,85;3429;;2;ALMACEN;16066,04;SIMON OLIVERA;;$;2;BIC ARGENTINA S.A;;;CON;;;;;;;;;;;;300;Bruno Centurion;AXUM;;;False;131864;0;1;;;;;;1;;20885,85
23710;LAS TALITAS 1000;ESTEBAN ECHEVERR√¬çA;2026-10-05;05-10-2026;01-10-2026;FAC-B-131864;Venta;LAGOPUELO S.A;861846;1,00;20885,85;25271,88;CORREA LORENZO;;0,00 %;064;Karina Fernandez;;BOL OPACO NEGRO BX X50;20885,85;3429;;2;ALMACEN;16066,04;SIMON OLIVERA;;$;2;BIC ARGENTINA S.A;;;CON;;;;;;;;;;;;300;Bruno Centurion;AXUM;;;False;131864;0;1;;;;;;1;;20885,85
23710;LAS TALITAS 1000;ESTEBAN ECHEVERR√¬çA;2026-10-05;05-10-2026;01-10-2026;FAC-B-131864;Venta;LAGOPUELO S.A;861845;1,00;20885,85;25271,88;CORREA LORENZO;;0,00 %;064;Karina Fernandez;;BOL OPACO  ROJO  BX X50;20885,85;3429;;2;ALMACEN;16066,04;SIMON OLIVERA;;$;2;BIC ARGENTINA S.A;;;CON;;;;;;;;;;;;300;Bruno Centurion;AXUM;;;False;131864;0;1;;;;;;1;;20885,85
23710;LAS TALITAS 1000;ESTEBAN ECHEVERR√¬çA;2026-10-05;05-10-2026;01-10-2026;FAC-B-131867;Venta;LAGOPUELO S.A;9297921;1,00;12111,18;14654,53;CORREA LORENZO;;0,00 %;064;Karina Fernandez;;MAXI J6 CARD12;12111,18;3429;;2;ALMACEN;9316,29;SIMON OLIVERA;;$;2;BIC ARGENTINA S.A;;;CON;;;;;;;;;;;;300;Bruno Centurion;AXUM;;;False;131867;0;1;;;;;;1;;12111,18
4929;ELUSTONDO 4784;EZPELETA ESTE;2026-10-02;02-10-2026;01-10-2026;FAC-A-132056;Venta;LAGOPUELO S.A;9297921;1,00;12111,18;14654,53;FEDERICO VESPOLI;;0,00 %;053;Verona Abati;;MAXI J6 CARD12;12111,18;3412;;georgalos-7;Almacen;9316,29;IVAN MONTOYA;;$;2;BIC ARGENTINA S.A;;;CON;;;;;;;;;;;;300;Bruno Centurion;AXUM;;;False;132056;0;1;;;;;;1;;12111,18
101660;9 De Julio 1719 0;LANUS;2026-10-02;01-10-2026;02-10-2026;NCR-A-132167;DevoluciÛn por Rechazo;LAGOPUELO S.A;947317;-1,00;-34534,50;-41786,75;Ekerdt Walter;SIN DINERO;0,00 %;27;Samanta Dogliotti;;ENCENDEDOR BX7 12X50U;34534,50;3386;;5;KIOSCO;-26565,00;LUCIANO GASPARINI;;$;2;BIC ARGENTINA S.A;;;EFV;;;;;;;;;;;;25;JOHANA VIGIL;gcw;131084;;True;132167;0;1;;;;;;1;;34534,50
108025;Bah√≠a Blanca 709 0;Wilde;2026-10-05;05-10-2026;02-10-2026;FAC-A-132296;Venta;LAGOPUELO S.A;947317;1,00;34534,50;41786,75;Gilmar Veizaga;;0,00 %;30;Oriana Songini;;ENCENDEDOR BX7 12X50U;34534,50;3425;;georgalos-7;Almacen;26565,00;MARIANO SOSA;;$;2;BIC ARGENTINA S.A;;;EFV;;;;;;;;;;;;25;JOHANA VIGIL;AXUM;;;False;132296;0;1;;;;;;1;;34534,50
3161;AVDA CENTENARIO 4463;Quilmes;2026-10-05;05-10-2026;02-10-2026;FAC-A-132350;Venta;LAGOPUELO S.A;522798;1,00;29984,68;36281,46;SANCHEZ JIMENES MARIA EUGENIA;;0,00 %;053;Verona Abati;;BIC CONFORT2 F WOMEN AR x24u;29984,68;3421;;3;AUTOSERVICIO;23065,14;MIGUEL ANGEL PALLINI;;$;2;BIC ARGENTINA S.A;;;CON;;;;;;;;;;;;300;Bruno Centurion;AXUM;;;False;132350;0;1;;;;;;1;;29984,68
42;AV 7 1721;Berazategui;2026-10-05;05-10-2026;02-10-2026;FAC-A-132382;Venta;LAGOPUELO S.A;9297971;1,00;8339,76;10091,11;Cinthia Rocio Villagra;;0,00 %;4;Selene Pawlikowski;;MINI BIC CTL 22X12 CX264 ARG;8339,76;3428;;2;ALMACEN;6415,20;CLAUDIO GARCIA;;$;2;BIC ARGENTINA S.A;;;EFV;;;;;;;;;;;;25;JOHANA VIGIL;AXUM;;;False;132382;0;1;;;;;;1;;8339,76
23852;Madariaga - (TRADICIONAL) 86;MALVINAS ARGENTINAS;2026-10-06;06-10-2026;02-10-2026;FAC-B-132398;Venta;LAGOPUELO S.A;9297921;1,00;12111,18;14654,53;Acevedo Javier;;0,00 %;063;Daniel Martin;;MAXI J6 CARD12;12111,18;3444;;2;ALMACEN;9316,29;CLAUDIO GARCIA;;$;2;BIC ARGENTINA S.A;;;CON;;;;;;;;;;;;300;Bruno Centurion;AXUM;;;False;132398;0;1;;;;;;1;;12111,18
23197;Languenheim - (AUTOSERVICIOS) 418;LONGCHAMPS;2026-10-05;05-10-2026;02-10-2026;FAC-A-132423;Venta;LAGOPUELO S.A;9297971;1,00;8339,76;10091,11;LI HONG;;0,00 %;062;Nahuel Martinez;;MINI BIC CTL 22X12 CX264 ARG;8339,76;3433;;3;Autoservicio B;6415,20;WALTER JANIUK;;$;2;BIC ARGENTINA S.A;;;CON;;;;;;;;;;;;300;Bruno Centurion;AXUM;;;False;132423;0;1;;;;;;1;;8339,76
23087;Montevideo - (TRADICIONAL) 1868;ALTE BROWN;2026-10-05;05-10-2026;02-10-2026;FAC-B-132680;Venta;LAGOPUELO S.A;9297971;1,00;8339,76;10091,11;VAZQUEZ NAHUEL;;0,00 %;061;Nailah Guzman;;MINI BIC CTL 22X12 CX264 ARG;8339,76;3433;;5;KIOSCO;6415,20;WALTER JANIUK;;$;2;BIC ARGENTINA S.A;;;CON;;;;;;;;;;;;300;Bruno Centurion;AXUM;;;False;132680;0;1;;;;;;1;;8339,76
27979;MU√‚ÄòOZ ASPIRI - (TRADICIONAL) 3628;SAN JOSE;2026-10-05;05-10-2026;02-10-2026;FAC-A-132753;Venta;LAGOPUELO S.A;9297921;1,00;12111,18;14654,53;LAURA ELBA ELIZABETH LESTRADA;;0,00 %;074;Romina Baez;;MAXI J6 CARD12;12111,18;3427;;2;ALMACEN;9316,29;NAHUEL MONTOYA;;$;2;BIC ARGENTINA S.A;;;CON;;;;;;;;;;;;300;Bruno Centurion;AXUM;;;False;132753;0;1;;;;;;1;;12111,18
23197;Languenheim - (AUTOSERVICIOS) 418;LONGCHAMPS;2026-10-05;05-10-2026;02-10-2026;FAC-A-132761;Venta;LAGOPUELO S.A;9297921;1,00;12111,18;14654,53;LI HONG;;0,00 %;062;Nahuel Martinez;;MAXI J6 CARD12;12111,18;3433;;3;Autoservicio B;9316,29;WALTER JANIUK;;$;2;BIC ARGENTINA S.A;;;CON;;;;;;;;;;;;300;Bruno Centurion;AXUM;;;False;132761;0;1;;;;;;1;;12111,18
29382;AZUL 315;MONTE GRANDE;2026-10-06;06-10-2026;05-10-2026;FAC-B-133135;Venta;LAGOPUELO S.A;971257;3,00;40597,14;49122,54;CHEN FANG;;0,00 %;064;Karina Fernandez;;SH FLEX3 BLUE BL1 BR;13532,38;3444;;3;Autoservicio B;31228,56;CLAUDIO GARCIA;;$;2;BIC ARGENTINA S.A;;;CON;;;;;;;;;;;;300;Bruno Centurion;AXUM;;;False;133135;0;1;;;;;;1;;13532,38
591;;Bernal;2026-10-06;06-10-2026;05-10-2026;FAC-A-133253;Venta;LAGOPUELO S.A;861844;1,00;20885,85;25271,88;Blue Emprendimientos s.a;;0,00 %;053;Verona Abati;;BOL OPACO AZ BX/50;20885,85;3437;;3;AUTOSERVICIO;16066,04;MIGUEL ANGEL PALLINI;;$;2;BIC ARGENTINA S.A;;;EFV;;;;;;;;;;;;300;Bruno Centurion;AXUM;;;False;133253;0;1;;;;;;1;;20885,85
591;;Bernal;2026-10-06;06-10-2026;05-10-2026;FAC-A-133253;Venta;LAGOPUELO S.A;861846;1,00;20885,85;25271,88;Blue Emprendimientos s.a;;0,00 %;053;Verona Abati;;BOL OPACO NEGRO BX X50;20885,85;3437;;3;AUTOSERVICIO;16066,04;MIGUEL ANGEL PALLINI;;$;2;BIC ARGENTINA S.A;;;EFV;;;;;;;;;;;;300;Bruno Centurion;AXUM;;;False;133253;0;1;;;;;;1;;20885,85
27494;AV J. D. PERON - (AUTOSERVICIOS) 4842;ING BUDGE;2026-10-06;06-10-2026;05-10-2026;FAC-A-133290;Venta;LAGOPUELO S.A;9297921;1,00;12111,18;14654,53;HE WENXIA;;0,00 %;073;Florencia Cubilla;;MAXI J6 CARD12;12111,18;3442;;3;Autoservicio B;9316,29;MARIANO SOSA;;$;2;BIC ARGENTINA S.A;;;CON;;;;;;;;;;;;300;Bruno Centurion;AXUM;;;False;133290;0;1;;;;;;1;;12111,18
5314;CARLOS PELLEGRINI 468;QUILMES;2026-10-07;07-10-2026;06-10-2026;FAC-A-133415;Venta;LAGOPUELO S.A;9297971;1,00;8339,76;10091,11;SERGIO DARIO D¥ISABELLA;;0,00 %;2;Fernanda Cejas;;MINI BIC CTL 22X12 CX264 ARG;8339,76;3452;;2;ALMACEN;6415,20;DIEGO ZACARIAS;;$;2;BIC ARGENTINA S.A;;;CON;;;;;;;;;;;;25;JOHANA VIGIL;AXUM;;;False;133415;0;1;;;;;;1;;8339,76
3172;Calle 809 N 2212;Quilmes;2026-10-07;07-10-2026;06-10-2026;FAC-A-133901;Venta;LAGOPUELO S.A;9297921;1,00;12111,18;14654,53;BELLONE ROBERTO GABRIEL;;0,00 %;056;Ezequiel Ferreira;;MAXI J6 CARD12;12111,18;3450;;3;AUTOSERVICIO;9316,29;MIGUEL ANGEL PALLINI;;$;2;BIC ARGENTINA S.A;;;CON;;;;;;;;;;;;300;Bruno Centurion;AXUM;;;False;133901;0;1;;;;;;1;;12111,18
3172;Calle 809 N 2212;Quilmes;2026-10-07;07-10-2026;06-10-2026;FAC-A-133901;Venta;LAGOPUELO S.A;9297971;1,00;8339,76;10091,11;BELLONE ROBERTO GABRIEL;;0,00 %;056;Ezequiel Ferreira;;MINI BIC CTL 22X12 CX264 ARG;8339,76;3450;;3;AUTOSERVICIO;6415,20;MIGUEL ANGEL PALLINI;;$;2;BIC ARGENTINA S.A;;;CON;;;;;;;;;;;;300;Bruno Centurion;AXUM;;;False;133901;0;1;;;;;;1;;8339,76
83;AV LAMADRID 372;Quilmes;2026-10-07;07-10-2026;06-10-2026;FAC-A-133908;Venta;LAGOPUELO S.A;947317;2,00;69069,00;83573,49;MENTA CHOCOLATE SRL;;0,00 %;053;Verona Abati;;ENCENDEDOR BX7 12X50U;34534,50;3452;;2;ALMACEN;53130,00;DIEGO ZACARIAS;;$;2;BIC ARGENTINA S.A;;;EFV;;;;;;;;;;;;300;Bruno Centurion;AXUM;;;False;133908;0;1;;;;;;1;;34534,50
83;AV LAMADRID 372;Quilmes;2026-10-07;07-10-2026;06-10-2026;FAC-A-133908;Venta;LAGOPUELO S.A;9297921;2,00;24222,36;29309,06;MENTA CHOCOLATE SRL;;0,00 %;053;Verona Abati;;MAXI J6 CARD12;12111,18;3452;;2;ALMACEN;18632,58;DIEGO ZACARIAS;;$;2;BIC ARGENTINA S.A;;;EFV;;;;;;;;;;;;300;Bruno Centurion;AXUM;;;False;133908;0;1;;;;;;1;;12111,18
27979;MU√‚ÄòOZ ASPIRI - (TRADICIONAL) 3628;SAN JOSE;2026-10-07;05-10-2026;07-10-2026;NCR-A-134021;DevoluciÛn por Rechazo;LAGOPUELO S.A;9297921;-1,00;-12111,18;-14654,53;LAURA ELBA ELIZABETH LESTRADA;CERRADO DENTRO DE HORARIO;0,00 %;074;Romina Baez;;MAXI J6 CARD12;12111,18;3427;;2;ALMACEN;-9316,29;NAHUEL MONTOYA;;$;2;BIC ARGENTINA S.A;;;CON;;;;;;;;;;;;300;Bruno Centurion;gcw;132753;;True;134021;0;1;;;;;;1;;12111,18
3191;ANDRES BARANDA 311;Quilmes;2026-10-08;08-10-2026;07-10-2026;FAC-A-134097;Venta;LAGOPUELO S.A;522799;1,00;9732,89;11776,80;BORAC NIDI S.R.L.;;0,00 %;054;Leonel Caruso;;AF BIC COMFORT 3 BLU AR X12;9732,89;3476;;3;AUTOSERVICIO;7486,84;LEONARDO SANTA CRUZ;;$;2;BIC ARGENTINA S.A;;;CON;;;;;;;;;;;;300;Bruno Centurion;AXUM;;;False;134097;0;1;;;;;;1;;9732,89
23676;FIZT GERALD EN FRENTE A LA PLAZA - (TRADICIONAL) 50;ESTEBAN ECHEVERR√¬çA;2026-10-09;09-10-2026;07-10-2026;FAC-B-134138;Venta;LAGOPUELO S.A;9297921;1,00;12111,18;14654,53;LOBO GUILLERMO;;0,00 %;064;Karina Fernandez;;MAXI J6 CARD12;12111,18;3493;;2;ALMACEN;9316,29;LEONARDO SANTA CRUZ;;$;2;BIC ARGENTINA S.A;;;CON;;;;;;;;;;;;300;Bruno Centurion;AXUM;;;False;134138;0;1;;;;;;1;;12111,18
29500;AGOTE - (TRADICIONAL) 585;LA UNION;2026-10-09;09-10-2026;07-10-2026;FAC-B-134241;Venta;LAGOPUELO S.A;522801;1,00;9732,89;11776,80;PATRICIA BARRAG¡N;;0,00 %;075;Julieta Yegros;;AF BIC COMFORT 3 ACTION BLACK NIGHT CTL 24X12X1;9732,89;3492;;OTR;SIN SUB;7486,84;CLAUDIO GARCIA;;$;2;BIC ARGENTINA S.A;;;CON;;;;;;;;;;;;300;Bruno Centurion;AXUM;;;False;134241;0;1;;;;;;1;;9732,89
25014;AV FLORENCIO VARELA Y RAMON CARILLO - (TRADICIONAL) 0;EZPELETA ESTE;2026-10-09;09-10-2026;07-10-2026;FAC-B-134281;Venta;ELEBES;9297921;1,00;12111,18;14654,53;ALMACEN ALEX;;0,00 %;5;Eliana Huber;;MAXI J6 CARD12;12111,18;3489;;2;ALMACEN;9316,29;MARIANO SOSA;;$;2;BIC ARGENTINA S.A;;;CON;;;;;;;;;;;;25;JOHANA VIGIL;AXUM;;;False;134281;0;1;;;;;;1;;12111,18
4362;JUAN MANUEL DE ROSAS 1658;Quilmes;2026-10-08;08-10-2026;07-10-2026;FAC-A-134288;Venta;LAGOPUELO S.A;861846;2,00;41771,70;50543,76;ALONSO ANTONIO DANIEL;;0,00 %;053;Verona Abati;;BOL OPACO NEGRO BX X50;20885,85;3476;;2;ALMACEN;32132,08;LEONARDO SANTA CRUZ;;$;2;BIC ARGENTINA S.A;;;CON;;;;;;;;;;;;300;Bruno Centurion;AXUM;;;False;134288;0;1;;;;;;1;;20885,85
4362;JUAN MANUEL DE ROSAS 1658;Quilmes;2026-10-08;08-10-2026;07-10-2026;FAC-A-134288;Venta;LAGOPUELO S.A;861845;1,00;20885,85;25271,88;ALONSO ANTONIO DANIEL;;0,00 %;053;Verona Abati;;BOL OPACO  ROJO  BX X50;20885,85;3476;;2;ALMACEN;16066,04;LEONARDO SANTA CRUZ;;$;2;BIC ARGENTINA S.A;;;CON;;;;;;;;;;;;300;Bruno Centurion;AXUM;;;False;134288;0;1;;;;;;1;;20885,85
27526;Fleming - (AUTOSERVICIOS) 276;LOMAS DE ZAMORA;2026-10-09;09-10-2026;07-10-2026;FAC-A-134304;Venta;LAGOPUELO S.A;9297921;1,00;12111,18;14654,53;ZHUANG QINLONG;;0,00 %;073;Florencia Cubilla;;MAXI J6 CARD12;12111,18;3488;;3;Autoservicio A;9316,29;NAHUEL MONTOYA;;$;2;BIC ARGENTINA S.A;;;CON;;;;;;;;;;;;300;Bruno Centurion;AXUM;;;False;134304;0;1;;;;;;1;;12111,18
3669;RODOLFO LOPEZ 1335;Quilmes;2026-10-08;08-10-2026;07-10-2026;FAC-A-134371;Venta;LAGOPUELO S.A;9297921;1,00;12111,18;14654,53;CHEN ZHIXIA;;0,00 %;054;Leonel Caruso;;MAXI J6 CARD12;12111,18;3476;;3;AUTOSERVICIO;9316,29;LEONARDO SANTA CRUZ;;$;2;BIC ARGENTINA S.A;;;CON;;;;;;;;;;;;300;Bruno Centurion;AXUM;;;False;134371;0;1;;;;;;1;;12111,18
31637;GRISNTEIN 3049;FLORENCIO VARELA;2026-10-08;08-10-2026;07-10-2026;FAC-B-134638;Venta;LAGOPUELO S.A;9297921;1,00;12111,18;14654,53;FILIBERTO BALTAZAR;;0,00 %;6;Nieves Alegre;;MAXI J6 CARD12;12111,18;3469;;3;AUTOSERVICIO;9316,29;DIEGO ZACARIAS;;$;2;BIC ARGENTINA S.A;;;CON;;;;;;;;;;;;25;JOHANA VIGIL;AXUM;;;False;134638;0;1;;;;;;1;;12111,18
208;;Florencio Varela;;09-10-2026;08-10-2026;VEN-134886;Venta;ELEBES;9297971;1,00;8339,76;10091,11;TRONCOSO RICARDO JESUS;;0,00 %;052;Nicole Sosa;;MINI BIC CTL 22X12 CX264 ARG;8339,76;;;2;ALMACEN;6415,20;;;$;2;BIC ARGENTINA S.A;;;EFV;;;;;;;;;;;;300;Bruno Centurion;AXUM;;;False;134886;1;1;;;;;;1;;8339,76
4567;383 bBIS ESQUINA 349;Quilmes;;09-10-2026;08-10-2026;VEN-134918;Venta;ELEBES;947317;1,00;34534,50;41786,75;LUNA CRISTINA;;0,00 %;053;Verona Abati;;ENCENDEDOR BX7 12X50U;34534,50;;;2;ALMACEN;26565,00;;;$;2;BIC ARGENTINA S.A;;;CON;;;;;;;;;;;;300;Bruno Centurion;AXUM;;;False;134918;1;1;;;;;;1;;34534,50
5333;EVA PERON 4112;FLORENCIO VARELA;2026-10-09;09-10-2026;08-10-2026;FAC-A-135173;Venta;LAGOPUELO S.A;947317;1,00;34534,50;41786,75;ALBERTO CRAVINO;;0,00 %;6;Nieves Alegre;;ENCENDEDOR BX7 12X50U;34534,50;3487;;3;AUTOSERVICIO;26565,00;IVAN MONTOYA;;$;2;BIC ARGENTINA S.A;;;CON;;;;;;;;;;;;25;JOHANA VIGIL;AXUM;;;False;135173;0;1;;;;;;1;;34534,50
5333;EVA PERON 4112;FLORENCIO VARELA;2026-10-09;09-10-2026;08-10-2026;FAC-A-135173;Venta;LAGOPUELO S.A;9297921;1,00;12111,18;14654,53;ALBERTO CRAVINO;;0,00 %;6;Nieves Alegre;;MAXI J6 CARD12;12111,18;3487;;3;AUTOSERVICIO;9316,29;IVAN MONTOYA;;$;2;BIC ARGENTINA S.A;;;CON;;;;;;;;;;;;25;JOHANA VIGIL;AXUM;;;False;135173;0;1;;;;;;1;;12111,18
3860;529 2649;CENTRO AGRICOLA EL PATO;;09-10-2026;08-10-2026;VEN-135219;Venta;LAGOPUELO S.A;9297921;1,00;12111,18;14654,53;Irrazabal Giselle Magali;;0,00 %;051;Ezequiel Valente;;MAXI J6 CARD12;12111,18;;;2;ALMACEN;9316,29;;;$;2;BIC ARGENTINA S.A;;;CON;;;;;;;;;;;;300;Bruno Centurion;AXUM;;;False;135219;1;1;;;;;;1;;12111,18
